question,answer
"Mike picked 7 apples , Nancy picked 3 apples , and Keith picked 6 apples and 4 pears , at the farm . How many apples were picked in total ?",7 + 3 + 6 = 16 #### 16
"Alyssa has 37 blue balloons , Sandy has 28 blue balloons , and Sally has 39 blue balloons . How many blue balloons do they have in all ?",37 + 28 + 39 = 104 #### 104
"Melanie picked 4 plums , Dan picked 9 plums , and Sally picked 3 plums from the plum tree . How many plums were picked in total ?",4 + 9 + 3 = 16 #### 16
"Sara grew 4 onions , Sally grew 5 onions , and Fred grew 9 onions . How many onions did they grow in all ?",4 + 5 + 9 = 18 #### 18
Melanie had 10 quarters and 17 pennies in her bank . Her dad gave her 27 pennies and her mother gave her 19 pennies . How many pennies does Melanie have now ?,17 + 27 + 19 = 63 #### 63
There are 48 erasers in the drawer and 30 erasers on the desk . Alyssa placed 39 erasers and 45 rulers on the desk . How many erasers are now there in total ?,48 + 30 + 39 = 117 #### 117
There are 7 crayons in the drawer and 6 crayons on the desk . Sam placed 4 crayons and 8 scissors on the desk . How many crayons are now there in total ?,7 + 6 + 4 = 17 #### 17
Melanie had 7 dimes in her bank . Her dad gave her 8 dimes and her mother gave her 4 dimes . How many dimes does Melanie have now ?,7 + 8 + 4 = 19 #### 19
"Jason joined his school 's band . He bought a flute for $ 142.46 , a music stand for $ 8.89 , and a song book for $ 7 . How much did Jason spend at the music store ?",142.46 + 8.89 + 7 = 158.35 #### 158.35
"Logan recorded the snowfall every day during a snowstorm . He recorded 0.33 centimeter on Wednesday , 0.33 centimeter on Thursday , and 0.22 centimeter on Friday . How many total centimeters of snow did Logan record ?",0.33 + 0.33 + 0.22 = 0.89 #### 0.89
"Joan spent $ 15 on shorts and $ 14.82 on a jacket , and $ 12.51 on a shirt . She went to 3 shops . In total , how much money did Joan spend on clothing ?",15 + 14.82 + 12.51 = 42.33 #### 42.33
Sally had 27 Pokemon cards . Dan gave her 41 new Pokemon cards . Sally bought 20 Pokemon cards . How many Pokemon cards does Sally have now ?,27 + 41 + 20 = 88 #### 88
"During a canned food drive , items were sorted into bins . The drive resulted in 0.12 bin of soup , 0.12 bin of vegetables , and 0.5 bin of pasta . Altogether , how many bins would the canned food take up ?",0.12 + 0.12 + 0.5 = 0.75 #### 0.75
Sally had 27 cards . Dan gave her 41 new cards . Sally bought 20 cards . How many cards does Sally have now ?,27 + 41 + 20 = 88 #### 88
"Heather went to the county fair last weekend . When she got there , she had to walk 0.33 mile from the car to the entrance . Then she walked 0.33 mile to the carnival rides and 0.08 mile from the carnival rides back to the car . How many miles did Heather walk in all ?",0.33 + 0.33 + 0.08 = 0.75 #### 0.75
"During a visit to an orchard , Charlie picked 0.17 bag of Golden Delicious apples , 0.17 bag of Macintosh apples , and 0.33 bag of Cortland apples . How many bags of fruit did Charlie pick in total ?",0.17 + 0.17 + 0.33 = 0.67 #### 0.67
"Jason picked 46 pears , Keith picked 47 pears , and Mike picked 12 pears from the pear tree . How many pears were picked in total ?",46 + 47 + 12 = 105 #### 105
There are 43 pencils in the drawer and 19 pencils on the desk . Dan placed 16 pencils on the desk . How many pencils are now there in total ?,43 + 19 + 16 = 78 #### 78
"Joan joined her school 's band . She bought a trumpet for $ 149.16 , a music tool for $ 9.98 , and a song book which was $ 4.14 . Joan found $ 8.65 in her pocket . How much did Joan spend at the music store ?",149.16 + 9.98 + 4.14 = 163.28 #### 163.28
"Keith spent $ 136.01 on speakers , $ 139.38 on a CD player , and $ 112.46 on new tires . He wanted 3 CD 's for $ 6.16 , but did n't buy them . In total , how much did he spend ?",136.01 + 139.38 + 112.46 = 387.85 #### 387.85
"Alyssa went to 11 soccer games this year , but missed 12 . She went to 13 games last year and plans to go to 15 games next year . How many soccer games will Alyssa go to in all ?",11 + 13 + 15 = 39 #### 39
"Last Saturday , Spencer walked all over town running errands . First , he walked 0.3 mile from his house to the library and 0.1 mile from the library to the post office . Then he walked 0.4 mile from the post office back home . How many miles did Spencer walk in all ?",0.3 + 0.1 + 0.4 = 0.8 #### 0.8
"A renovation project required 0.17 truck - load of sand , 0.33 truck - load of dirt , and 0.17 truck - load of cement . How many truck - loads of material were needed in all ?",0.17 + 0.17 + 0.33 = 0.67 #### 0.67
Tim 's cat had kittens . He gave 3 to Jessica and 6 to Sara . He now has 9 kittens . How many kittens did he have to start with ?,3 + 6 + 9 = 18 #### 18
"Fred has 10 red balloons , Sam has 46 red balloons , and Dan has 16 red balloons . The balloons cost 10 dollars . How many red balloons do they have in all ?",10 + 46 + 16 = 72 #### 72
"Tom purchased a football game for $ 14.02 , a strategy game for $ 9.46 , and a Batman game for $ 12.04 . How much did Tom spend on video games ?",14.02 + 9.46 + 12.04 = 35.52 #### 35.52
"Before starting her shift , a waitress checks to make sure there is enough mustard for her customers . She finds 0.25 bottle at the first table , 0.25 bottle at the second table , and 0.38 bottle at the third table . Altogether , how many bottles of mustard does the waitress find ?",0.25 + 0.25 + 0.38 = 0.88 #### 0.88
"Allie counted the leftover ice cream after a sundae party . She had 0.33 carton of rocky road ice cream , 0.33 carton of cookie dough ice cream , and 0.17 carton of strawberry cheesecake ice cream . How many cartons of ice cream did Allie have in all ?",0.33 + 0.33 + 0.17 = 0.83 #### 0.83
"Mary found 45 seashells , Melanie found 23 seashells , and Jason found 32 seashells on the beach . When they cleaned them , they discovered that 31 were cracked . How many seashells did they find together ?",45 + 23 + 32 = 100 #### 100
"Brandy made trail mix for a backpacking trip . She used 0.17 pound of peanuts , 0.17 pound of chocolate chips , and 0.08 pound of raisins . How many pounds of trail mix did Brandy make ?",0.17 + 0.17 + 0.08 = 0.42 #### 0.42
"Sandy has 10 books , Benny has 24 books , and Tim has 33 books . How many books do they have together ?",10 + 24 + 33 = 67 #### 67
There are 7 dogwood trees currently in the park . Park workers will plant 3 more dogwood trees today and 2 more dogwood trees tomorrow . How many dogwood trees will the park have when the workers are finished ?,7 + 3 + 2 = 12 #### 12
There are 7 dogwood trees currently in the park . Park workers will plant 5 dogwood trees today and 4 dogwood trees tomorrow . It took 8 workers to finish the work . How many dogwood trees will the park have when the workers are finished ?,7 + 5 + 4 = 16 #### 16
"Fred picked 36 limes , Alyssa picked 32 limes , and Nancy picked 35 limes and 18 pears , at the farm . How many limes were picked in total ?",36 + 32 + 35 = 103 #### 103
"Nancy grew 2 onions , Dan grew 9 onions , and Mike grew 4 onions . They worked for 6 days on the farm . How many onions did they grow in total ?",2 + 9 + 4 = 15 #### 15
"Joan grew 24 pumpkins , Keith grew 42 pumpkins , and Alyssa grew 13 pumpkins . They worked for 34 days on the farm . How many pumpkins did they grow in all ?",24 + 42 + 13 = 79 #### 79
A restaurant served 4 pies during lunch and 9 during dinner today . The restaurant served 7 pies and 2 pizzas yesterday . How many pies were served in total ?,4 + 9 + 7 = 20 #### 20
"Paco 's Countertop Company purchased pieces of marble from a quarry . The weights of the pieces they purchased were 0.33 ton , 0.33 ton , and 0.08 ton . How many tons of marble did Paco 's Countertop Company purchase in all ?",0.33 + 0.33 + 0.08 = 0.75 #### 0.75
"Nancy went to 9 football games this month . She went to 8 games last month , and plans to go to 7 games next month . She paid 3 dollars for the tickets . How many games will she attend in all ?",9 + 8 + 7 = 24 #### 24
"Grace has 16 jellybeans in her pocket . She has 8 red ones , 4 green ones , and 4 blue ones . What is the minimum number of jellybeans she must take out of her pocket to ensure that she has one of each color ?",8 + 4 + 1.0 = 13 #### 13
"A waitress put leftover tarts into the fridge on Thursday night . She noticed that the restaurant had 0.08 tart filled with cherries , 0.75 tart filled with blueberries , and 0.08 tart filled with peaches . How many leftover tarts did the restaurant have in all ?",0.08 + 0.08 + 0.75 = 0.92 #### 0.92
"Sara grew 4 onions , Sally grew 5 onions , and Fred grew 9 onions . How many onions did they grow in all ?",4 + 5 + 9 = 18 #### 18
"Bonnie 's science class recorded the rainfall each day . They recorded 0.17 centimeter of rain on Monday , 0.42 centimeter of rain on Tuesday , and 0.08 centimeter of rain on Wednesday . How many centimeters of rain did the class record in all ?",0.17 + 0.42 + 0.08 = 0.67 #### 0.67
"Jason joined his school 's band . He bought a flute for $ 142.46 , a music tool for $ 8.89 , and a song book for $ 7 . How much did Jason spend at the music store ?",142.46 + 8.89 + 7 = 158.35 #### 158.35
There are 7 dogwood trees currently in the park . Park workers will plant 3 dogwood trees today and 2 dogwood trees tomorrow . How many dogwood trees will the park have when the workers are finished ?,7 + 3 + 2 = 12 #### 12
"Mike bought some toys . He bought marbles for $ 9.05 , a football for $ 4.95 , and spent $ 6.52 on a baseball . In total , how much did Mike spend on toys ?",9.05 + 4.95 + 6.52 = 20.52 #### 20.52
"During a school play , Jonah staffed the snack bar . He served 0.25 pitcher of lemonade during the first intermission , 0.42 pitcher during the second , and 0.25 pitcher during the third . How many pitchers of lemonade did Jonah pour in all ?",0.25 + 0.25 + 0.42 = 0.92 #### 0.92
Melanie had 19 dimes in her bank . Her dad gave her 39 dimes and her mother gave her 25 dimes . How many dimes does Melanie have now ?,19 + 39 + 25 = 83 #### 83
"Keith grew 29 cantelopes , Fred grew 16 cantelopes , and Jason grew 20 cantelopes . How many cantelopes did they grow in total ?",29 + 16 + 20 = 65 #### 65
A restaurant served 5 cakes during lunch and 6 during dinner today . The restaurant served 3 cakes yesterday . How many cakes were served in total ?,5 + 6 + 3 = 14 #### 14
"Sally found 9 seashells , Tom found 7 seashells , and Jessica found 5 seashells on the beach . How many seashells did they find together ?",9 + 7 + 5 = 21 #### 21
"Alyssa has 37 blue balloons , Sandy has 28 blue balloons , and Sally has 39 blue balloons . How many blue balloons do they have in all ?",37 + 28 + 39 = 104 #### 104
"Keith found 6 seashells , Jessica found 8 seashells , and Tim found 7 seashells on the beach . When they cleaned them , they discovered that 3 were cracked . How many seashells did they find together ?",6 + 8 + 7 = 21 #### 21
"Sandy has 10 books , Benny has 24 books , and Tim has 33 books . How many books do they have together ?",10 + 24 + 33 = 67 #### 67
"Mary loves eating fruits . Mary paid $ 11.08 for berries , $ 14.33 for apples , and $ 9.31 for peaches . In total , how much money did she spend ?",11.08 + 14.33 + 9.31 = 34.72 #### 34.72
There are 39 dogwood trees currently in the park . Park workers will plant 41 dogwood trees today and 20 dogwood trees tomorrow . How many dogwood trees will the park have when the workers are finished ?,39 + 41 + 20 = 100 #### 100
"Fred has 5 yellow balloons , Sam has 6 yellow balloons , and Mary has 7 yellow balloons . The balloons cost 5 dollars . How many yellow balloons do they have in total ?",5 + 6 + 7 = 18 #### 18
"Keith grew 29 cantelopes , Fred grew 16 cantelopes , and Jason grew 20 cantelopes . How many cantelopes did they grow in total ?",29 + 16 + 20 = 65 #### 65
"Kendra made punch for her friend 's birthday party . She used 0.25 gallon of grape juice , 0.38 gallon of cranberry juice , and 0.12 gallon of club soda . How many gallons of punch did Kendra make ?",0.25 + 0.38 + 0.12 = 0.75 #### 0.75
"Ellen made smoothies in the blender . She used 0.2 cup of strawberries , 0.1 cup of yogurt , and 0.2 cup of orange juice . How many cups of ingredients did Ellen use for the smoothies ?",0.2 + 0.2 + 0.1 = 0.5 #### 0.5
There are 43 pencils in the drawer and 19 pencils on the desk . Dan placed 16 more pencils on the desk . How many pencils are now there in total ?,43 + 19 + 16 = 78 #### 78
"Melanie bought a Batman game for $ 6.95 , a strategy game for $ 7.9 , and a Superman game for $ 7.73 . Melanie already owns 4 games . How much did Melanie spend on video games ?",6.95 + 7.9 + 7.73 = 22.58 #### 22.58
"Jason went to 11 football games this month . He went to 17 games last month , and plans to go to 16 games next month . How many games will he attend in all ?",11 + 17 + 16 = 44 #### 44
"Joan bought toy cars for $ 14.88 , a skateboard for $ 4.88 , and got toy trucks for $ 5.86 . She spent $ 14.55 on pants . In total , how much did Joan spend on toys ?",14.88 + 4.88 + 5.86 = 25.62 #### 25.62
There are 47 orchid bushes currently in the park . Park workers will plant 37 orchid bushes today and 25 orchid bushes tomorrow . It took 35 workers to finish the work . How many orchid bushes will the park have when the workers are finished ?,47 + 37 + 25 = 109 #### 109
"Joan has 9 blue balloons , Sally has 5 blue balloons , and Jessica has 2 blue balloons . How many blue balloons do they have in total ?",9 + 5 + 2 = 16 #### 16
"Karin 's science class weighed plastic rings for an experiment . They found that the orange ring weighed 0.08 ounce , the purple ring weighed 0.33 ounce , and the white ring weighed 0.42 ounce . What was the total weight of the plastic rings ?",0.08 + 0.33 + 0.42 = 0.83 #### 0.83
"Irwin 's family went on a camping trip in the mountains . On the first day , they hiked from their car to the campsite . First , they hiked 0.2 mile from the car to a stream , and 0.4 mile from the stream to a meadow . Then they hiked 0.1 mile from the meadow to the campsite . How many miles did Irwin 's family hike in all ?",0.2 + 0.4 + 0.1 = 0.7 #### 0.7
"On her vacation last summer , Trisha walked all over New York City to buy souvenirs . First , she walked 0.11 mile from her hotel to a postcard shop . Then she walked 0.11 mile from the postcard shop to a T - shirt shop and 0.67 mile from the T - shirt shop back to the hotel . How many miles did Trisha walk in all ?",0.11 + 0.11 + 0.67 = 0.89 #### 0.89
"Mary had 18 baseball cards , and 8 were torn . Fred gave Mary 26 new baseball cards . Mary bought 40 baseball cards . How many baseball cards does Mary have now ?",18 + 26 + 40 = 84 #### 84
"Keith spent $ 6.51 on a rabbit toy , $ 5.79 on pet food , and a cage cost him $ 12.51 . He found a dollar bill on the ground . What was the total cost of Keith 's purchases ?",6.51 + 5.79 + 12.51 = 24.81 #### 24.81
"One recipe calls for 0.25 teaspoon vanilla , and a second recipe requires for 0.5 teaspoon vanilla , and a third recipe calls for 0.12 teaspoon vanilla . How much vanilla is required to make all 3 recipes , in teaspoons ?",0.25 + 0.5 + 0.12 = 0.88 #### 0.88
There are 39 dogwood trees currently in the park . Park workers will plant 41 more dogwood trees today and 20 more dogwood trees tomorrow . How many dogwood trees will the park have when the workers are finished ?,39 + 41 + 20 = 100 #### 100
Sally had 8 pennies and 7 nickels in her bank . Her dad gave her 9 nickels and her mother gave her 2 nickels . How many nickels does Sally have now ?,7 + 9 + 2 = 18 #### 18
"A construction company ordered 0.17 ton of concrete , 0.17 ton of bricks , and 0.5 ton of stone . How many tons of material did the company order in all ?",0.17 + 0.17 + 0.5 = 0.83 #### 0.83
"Kristi jogged for 0.6 of an hour , swam for 0.5 of an hour , and rode her bicycle for 0.75 of an hour . How long did she exercise ?",0.6 + 0.5 + 0.75 = 1.85 #### 1.85
"Nina did a running drill to get in shape for soccer season . First , Nina ran 0.08 mile . Then she ran 0.08 mile and 0.67 mile . How many miles did Nina run in total ?",0.08 + 0.08 + 0.67 = 0.83 #### 0.83
A spaceship traveled 0.5 light - year from Earth to Planet X and 0.1 light - year from Planet X to Planet Y . Then it traveled 0.1 light - year from Planet Y back to Earth . How many light - years did the spaceship travel in all ?,0.5 + 0.1 + 0.1 = 0.7 #### 0.7
"Sandy went to the mall to buy clothes . She spent $ 13.99 on shorts , $ 12.14 on a shirt , and $ 7.43 on a jacket . How much money did Sandy spend on clothes ?",13.99 + 12.14 + 7.43 = 33.56 #### 33.56
"Jason picked 46 pears , Keith picked 47 pears , and Mike picked 12 pears from the pear tree . How many pears were picked in total ?",46 + 47 + 12 = 105 #### 105
"Melanie , Benny , Sandy , and Jessica each have 9 dozen Pokemon cards . How many Pokemon cards do they have in all ?",4.0 * ( 9 * 12.0 ) = 432 #### 432
"There are 46 children in the classroom , each student will get 4 dozen pencils . How many pencils will the teacher have to give out ?",46 * ( 4 * 12.0 ) = 2208 #### 2208
There are 4 dozen calories in a candy bar . How many calories are there in 42 candy bars ?,4 * 12.0 * 42 = 2016 #### 2016
Jessica has 3 dozen red marbles . Sandy has 4 times more red marbles than Jessica . How many red marbles does Sandy have ?,3 * 12.0 * 4 = 144 #### 144
Sandy has 8 dozen books . Fred has 5 times more books than Sandy . How many books does Fred have ?,8 * 12.0 * 5 = 480 #### 480
"You deposit 70 dollars in a savings account that pays an annual interest rate of 3 % . How much simple interest would you earn in 2.5 years , in dollars ?",70 * 3 * 2.5 * 0.01 = 5.25 #### 5.25
David had 4000 dollars invested for 0.25 of a year at a simple rate of 6.1 % . How much interest did he earn ?,4000 * 0.25 * 6.1 * 0.01 = 61 #### 61
"How much interest , in dollars , will you pay on a 8100 dollars loan for 1 year if the interest rate is 15 % ?",0.01 * 8100 * 15 = 1215 #### 1215
What is 80 % of 40 ?,80 * 0.01 * 40 = 32 #### 32
Bert runs 2 miles every day . How many miles will Bert run in 3 weeks ?,2 * ( 3 * 7.0 ) = 42 #### 42
What is 395 % of 791 ?,395 * 0.01 * 791 = 3124.45 #### 3124.45
